{
	"fieldSets": [
		{
			"fields": [
				{
					"dataType": "string",
					"defaultValue": "sm",
					"label": "border-radius",
					"name": "borderRadius",
					"type": "select",
					"typeOptions": {
						"validValues": [
							{
								"label": "none",
								"value": "none"
							},
							{
								"label": "small",
								"value": "sm"
							},
							{
								"label": "large",
								"value": "lg"
							}
						]
					}
				},
				{
					"dataType": "string",
					"defaultValue": "sm",
					"label": "box-shadow",
					"name": "boxShadow",
					"type": "select",
					"typeOptions": {
						"validValues": [
							{
								"label": "none",
								"value": "none"
							},
							{
								"label": "small",
								"value": "sm"
							},
							{
								"label": "large",
								"value": "lg"
							}
						]
					}
				},
				{
					"dataType": "string",
					"defaultValue": "left",
					"label": "content-align",
					"name": "contentAlign",
					"type": "select",
					"typeOptions": {
						"validValues": [
							{
								"value": "left"
							},
							{
								"value": "center"
							},
							{
								"value": "right"
							}
						]
					}
				},
				{
					"dataType": "string",
					"defaultValue": "w-100",
					"label": "image-size",
					"name": "imageSize",
					"type": "select",
					"typeOptions": {
						"validValues": [
							{
								"label": "fit",
								"value": "w-100"
							},
							{
								"label": "original-size",
								"value": "w-0"
							}
						]
					}
				},
				{
					"dataType": "string",
					"defaultValue": "3",
					"label": "bottom-spacing",
					"name": "bottomSpacing",
					"type": "select",
					"typeOptions": {
						"validValues": [
							{
								"value": "0"
							},
							{
								"value": "1"
							},
							{
								"value": "2"
							},
							{
								"value": "3"
							},
							{
								"value": "4"
							},
							{
								"value": "5"
							}
						]
					}
				}
			]
		}
	]
}